{"cameraMode":{"drawMode":0,"name":"Shaded","section":"Shading Mode"},"sceneLighting":true,"audioPlay":false,"sceneViewState":{"m_AlwaysRefresh":false,"showFog":true,"showSkybox":true,"showFlares":true,"showImageEffects":true,"showParticleSystems":true,"showVisualEffectGraphs":true,"m_FxEnabled":true},"in2DMode":false,"pivot":{"x":-0.2412010133266449,"y":2.7948031425476076,"z":2.493438720703125},"rotation":{"x":0.35647639632225039,"y":-0.005605845246464014,"z":0.0021387729793787004,"w":0.934286892414093},"size":5.6660261154174809,"orthographic":false}