{"cameraMode":{"drawMode":0,"name":"Shaded","section":"Shading Mode"},"sceneLighting":false,"audioPlay":false,"sceneViewState":{"m_AlwaysRefresh":false,"showFog":true,"showSkybox":false,"showFlares":true,"showImageEffects":true,"showParticleSystems":true,"showVisualEffectGraphs":true,"m_FxEnabled":true},"in2DMode":false,"pivot":{"x":0.001830868422985077,"y":-0.21816840767860413,"z":-0.0007825642824172974},"rotation":{"x":0.236514151096344,"y":-0.017199590802192689,"z":0.004192422144114971,"w":0.9714863300323486},"size":0.3251858055591583,"orthographic":false}